State,Abbreviation,Median Annual Wage,Median Hourly Wage,Employment
Alabama,AL,77080,37.06,54340
Alaska,AK,109480,52.64,7510
Arizona,AZ,99500,47.84,73150
Arkansas,AR,78940,37.95,29400
California,CA,140270,67.44,338940
Colorado,CO,100260,48.20,54490
Connecticut,CT,102740,49.39,40110
Delaware,DE,99520,47.85,14290
Florida,FL,84190,40.48,229940
Georgia,GA,93550,44.98,100950
Hawaii,HI,136320,65.54,12940
Idaho,ID,92460,44.45,16880
Illinois,IL,95990,46.15,138910
Indiana,IN,83500,40.14,68980
Iowa,IA,78630,37.80,34420
Kansas,KS,79320,38.14,33800
Kentucky,KY,81040,38.96,50300
Louisiana,LA,80230,38.57,48970
Maine,ME,86990,41.82,16540
Maryland,MD,99790,47.98,52910
Massachusetts,MA,104550,50.27,88200
Michigan,MI,94300,45.34,104950
Minnesota,MN,101510,48.80,70110
Mississippi,MS,77090,37.06,29060
Missouri,MO,81780,39.32,76310
Montana,MT,85280,41.00,10950
Nebraska,NE,84730,40.74,24720
Nevada,NV,103670,49.84,27070
New Hampshire,NH,99700,47.93,15390
New Jersey,NJ,106500,51.20,92680
New Mexico,NM,94340,45.36,17980
New York,NY,109440,52.62,205810
North Carolina,NC,84350,40.56,111120
North Dakota,ND,80730,38.81,11340
Ohio,OH,82510,39.67,143730
Oklahoma,OK,82920,39.87,38270
Oregon,OR,129010,62.02,39730
Pennsylvania,PA,96430,46.36,146520
Rhode Island,RI,100640,48.39,10090
South Carolina,SC,82360,39.60,49750
South Dakota,SD,78060,37.53,14710
Tennessee,TN,81500,39.18,72200
Texas,TX,95970,46.14,271380
Utah,UT,84600,40.67,27420
Vermont,VT,97460,46.86,7410
Virginia,VA,93600,45.00,77490
Washington,WA,124200,59.71,69260
West Virginia,WV,80130,38.52,23430
Wisconsin,WI,95530,45.93,68060
Wyoming,WY,83760,40.27,5330
